{"cameraMode":{"drawMode":0,"name":"Shaded","section":"Shading Mode"},"sceneLighting":true,"audioPlay":false,"sceneViewState":{"showFog":false,"showMaterialUpdate":true,"showSkybox":true,"showFlares":true,"showImageEffects":true,"showParticleSystems":true,"showVisualEffectGraphs":true,"m_FxEnabled":true},"in2DMode":false,"pivot":{"x":-0.11959517002105713,"y":0.827237606048584,"z":1.802829384803772},"rotation":{"x":0.25101128220558169,"y":0.06962252408266068,"z":-0.018104057759046556,"w":0.965308427810669},"size":0.3366882801055908,"orthographic":true}