{"cameraMode":{"drawMode":0,"name":"Shaded","section":"Shading Mode"},"sceneLighting":true,"audioPlay":false,"sceneViewState":{"showFog":false,"showMaterialUpdate":true,"showSkybox":true,"showFlares":true,"showImageEffects":true,"showParticleSystems":true,"showVisualEffectGraphs":true,"m_FxEnabled":true},"in2DMode":false,"pivot":{"x":-0.179775208234787,"y":0.9030376076698303,"z":1.8128293752670289},"rotation":{"x":0.13356268405914308,"y":0.12216591835021973,"z":-0.016592998057603837,"w":0.9833406805992127},"size":0.4049634635448456,"orthographic":true}