{"cameraMode":{"drawMode":0,"name":"Shaded","section":"Shading Mode"},"sceneLighting":true,"audioPlay":false,"sceneViewState":{"showFog":false,"showMaterialUpdate":true,"showSkybox":true,"showFlares":true,"showImageEffects":true,"showParticleSystems":true,"showVisualEffectGraphs":true,"m_FxEnabled":true},"in2DMode":false,"pivot":{"x":-0.5182843208312988,"y":0.9618637561798096,"z":1.0315332412719727},"rotation":{"x":0.3953145444393158,"y":-0.41781309247016909,"z":0.20883481204509736,"w":0.7909262180328369},"size":1.902263879776001,"orthographic":true}