{"cameraMode":{"drawMode":0,"name":"Shaded","section":"Shading Mode"},"sceneLighting":true,"audioPlay":false,"sceneViewState":{"showFog":false,"showMaterialUpdate":true,"showSkybox":true,"showFlares":true,"showImageEffects":true,"showParticleSystems":true,"showVisualEffectGraphs":true,"m_FxEnabled":true},"in2DMode":false,"pivot":{"x":-0.10169517993927002,"y":0.8566375970840454,"z":1.802829384803772},"rotation":{"x":0.23323826491832734,"y":0.1873575747013092,"z":-0.0458492673933506,"w":0.9530993103981018},"size":0.24055127799510957,"orthographic":true}