{"cameraMode":{"drawMode":0,"name":"Shaded","section":"Shading Mode"},"sceneLighting":false,"audioPlay":false,"sceneViewState":{"showFog":false,"showMaterialUpdate":true,"showSkybox":false,"showFlares":true,"showImageEffects":true,"showParticleSystems":true,"showVisualEffectGraphs":true,"m_FxEnabled":true},"in2DMode":false,"pivot":{"x":-0.9394143223762512,"y":3.7191460132598879,"z":-1.98121976852417},"rotation":{"x":0.0037425614427775146,"y":-0.27971604466438296,"z":0.0010899603366851807,"w":0.9600756168365479},"size":22.305274963378908,"orthographic":true}