{"cameraMode":{"drawMode":0,"name":"Shaded","section":"Shading Mode"},"sceneLighting":false,"audioPlay":false,"sceneViewState":{"showFog":false,"showMaterialUpdate":true,"showSkybox":false,"showFlares":true,"showImageEffects":true,"showParticleSystems":true,"showVisualEffectGraphs":true,"m_FxEnabled":true},"in2DMode":false,"pivot":{"x":-0.3407000005245209,"y":1.0341999530792237,"z":-1.1030000448226929},"rotation":{"x":0.13358741998672486,"y":0.12069077044725418,"z":-0.01639263518154621,"w":0.9835228323936462},"size":0.06488147377967835,"orthographic":true}