{"cameraMode":{"drawMode":0,"name":"Shaded","section":"Shading Mode"},"sceneLighting":false,"audioPlay":false,"sceneViewState":{"showFog":false,"showMaterialUpdate":true,"showSkybox":false,"showFlares":true,"showImageEffects":true,"showParticleSystems":true,"showVisualEffectGraphs":true,"m_FxEnabled":true},"in2DMode":false,"pivot":{"x":-0.08609999716281891,"y":0.9685623645782471,"z":-1.0927294492721558},"rotation":{"x":0.23323826491832734,"y":0.1873575747013092,"z":-0.0458492673933506,"w":0.9530993103981018},"size":0.06259991973638535,"orthographic":true}